2017;9;13;Montmelian;73;/calendrier/course-114424-xpress_-_la_montee_de_la_roche_du_guet-2017.html
2017;11;11;Allauch;13;/calendrier/course-122719-alpin_trail_elite_pichauris_-_30_km-2017.html
2017;9;13;Montmelian;73;/calendrier/course-114424-xpress_-_la_montee_de_la_roche_du_guet-2017.html
2017;11;12;Velizy Villacoublay;78;/calendrier/course-122018-la_sans_raison_-_16_km-2017.html
2017;11;12;Sassenage;38;/calendrier/course-123659-la_corrida_de_sassenage_-_5_km-2017.html
2017;11;11;Villette D'Anthon;38;/calendrier/course-118578-la_corrida_de_la_saint-martin-2017.html
2017;10;8;Remoulins;30;/calendrier/course-119536-trail_du_pont_du_gard_-_21_km-2017.html
2017;10;1;Laudun;30;/calendrier/course-116935-trail_des_traces_de_laudun_-_24_km-2017.html
2017;11;11;Allauch;13;/calendrier/course-122719-alpin_trail_elite_pichauris_-_30_km-2017.html
2016;12;11;St Come Et Maruejols;30;/calendrier/course-107554-l_hivernatrail_-_18_km-2016.html
2017;5;27;St Pierre De Chartreuse;38;/calendrier/course-110264-chartreuse_trail_festival_-_maratour_-_42_km-2017.html
2017;11;11;Ploegsteert;10;/calendrier/course-113577-la_course_du_souvenir_-_21_km-2017.html
2017;11;12;Sassenage;38;/calendrier/course-109680-la_corrida_de_sassenage_-_11_km-2017.html
2017;11;12;Sassenage;38;/calendrier/course-123659-la_corrida_de_sassenage_-_5_km-2017.html
2017;7;29;Moirans En Montagne;39;/calendrier/course-114890-trail_volodalen_-_la_speciale_du_lac_-_25_km-2017.html
2010;9;19;Gresy Sur Isere;73;/calendrier/course-37683-la_bialle-2010.html
2009;9;20;Gresy Sur Isere;73;/calendrier/course-30374-la_bialle-2009.html
2017;10;14;Cublize;69;/calendrier/course-122574-trail_du_beaujolais_vert_-_15_km-2017.html
2017;10;8;La Sarraz;10;/calendrier/course-123623-trail_de_la_vallee_de_joux_-_37_km-2017.html
2017;10;22;Nans Sous Ste Anne;25;/calendrier/course-114327-trail_de_la_source_du_lison_-_21_km-2017.html
2017;10;31;Montmerle Sur Saone;01;/calendrier/course-111788-montmerle_obscure_race-2017.html
2017;11;5;Toussieux;01;/calendrier/course-111768-toussitrail_-_12_km-2017.html
;11;4;St Didier De La Tour;38;/calendrier/course-117897-la_ronde_nocturne_du_jeff_club-2017.html
2017;11;5;Versailles;78;/calendrier/course-122014-la_course_royale_-_20_km-2017.html
2017;7;23;Embrun;05;/calendrier/course-111579-trail_des_balcons_de_l_embrunais_-_21_km-2017.html
2017;11;1;St Gilles;30;/calendrier/course-119545-les_foulees_de_la_biche-2017.html
2017;11;1;St Jean De Maruejols Et Av;30;/calendrier/course-119544-les_foulees_d_automne-2017.html
2017;9;30;Vauvert;30;/calendrier/course-115346-le_semi_des_grands_sites-2017.html
2017;10;7;Marsillargues;34;/calendrier/course-117846-les_foulees_du_vidourle_-_4.5_km-2017.html
2017;10;7;Marsillargues;34;/calendrier/course-117845-les_foulees_du_vidourle_-_9_km-2017.html
2017;10;21;Le Triadou;34;/calendrier/course-117857-les_foulees_du_pic_saint_loup-2017.html
2017;10;8;Le Grau Du Roi;30;/calendrier/course-123475-les_foulees_de_la_mer-2017.html
2017;10;15;Nîmes;30;/calendrier/course-119538-la_zontienne_-_10_km-2017.html
2017;10;15;Nîmes;30;/calendrier/course-119539-la_zontienne_-_5_km-2017.html
2017;10;15;Lirac;30;/calendrier/course-119518-trail_de_lirac_-_22_km-2017.html
2017;10;15;Lirac;30;/calendrier/course-119517-trail_de_lirac_-_12_km-2017.html
2017;10;15;Lirac;30;/calendrier/course-119516-trail_de_lirac_-_6_km-2017.html
2017;10;29;Remoulins;30;/calendrier/course-119537-courir_avec_sarah_au_pont_du_gard-2017.html
2017;10;29;St Privat Des Vieux;30;/calendrier/course-119542-les_foulees_st_privadiennes-2017.html
2017;10;7;Ribaute Les Tavernes;30;/calendrier/course-123470-les_foulees_de_la_montagnette_-_5.5_km-2017.html
2017;10;22;Gillonnay;38;/calendrier/course-109676-la_fete_des_marrons_-_trail_-_21_km-2017.html
2016;5;5;Bours;62;/calendrier/course-96445-les_bours_six_cotes_-_18_km-2016.html
2017;10;31;Salvizinet;42;/calendrier/course-124023-trail_nocturne_du_monorail_-_20_km-2017.html
2017;10;31;Salvizinet;42;/calendrier/course-124022-trail_nocturne_du_monorail_-_12_km-2017.html
2017;10;31;Courzieu;69;/calendrier/course-118626-trail_nocturne_de_la_courzapat_-_21_km-2017.html
2014;10;5;Pertuis;84;/calendrier/course-80580-marathon_de_provence_luberon-2014.html
2016;3;20;Montpellier;34;/calendrier/course-97561-marathon_metropole-2016.html
2016;3;20;Montpellier;34;/calendrier/course-97561-marathon_metropole-2016.html
2017;10;29;Montereau Faut Yonne;77;/calendrier/course-116318-les_foulees_monterelaises_-_10_km-2017.html
2017;10;28;Izernore;01;/calendrier/course-111766-l_izernight-2017.html
2017;10;28;Izernore;01;/calendrier/course-111765-la_course_des_spi-2017.html
2017;10;28;Izernore;01;/calendrier/course-111767-les_trois_colonnes-2017.html
2017;10;29;Solaize;69;/calendrier/course-123960-la_solaiz_hard_-_18_5_km-2017.html
2017;10;29;Solaize;69;/calendrier/course-123959-la_solaiz_hard_-_10_4_km-2017.html
2017;10;21;Le Triadou;34;/calendrier/course-117857-les_foulees_du_pic_saint_loup-2017.html
2017;10;22;Colombier Saugnieu;69;/calendrier/course-118159-la_course_nature_des_3_etangs_-_18_km-2017.html
2017;10;8;St étienne De Crossey;38;/calendrier/course-117280-la_foulee_nature_du_crossey_-_mini-trail_-_14.7_km-2017.html
2017;10;21;Marboz;01;/calendrier/course-111764-la_corrida_de_la_saint_crepin-2017.html
2017;9;17;Le Monetier Les Bains;05;/calendrier/course-119484-serre_che_trail_salomon_-_26_km-2017.html
2016;9;3;Neufchatel Hardelot;62;/calendrier/course-96463-les_boucles_d_hardelot-2016.html
2016;1;24;St Pierre Bois;67;/calendrier/course-98836-les_defis_du_wurzel-2016.html
2017;5;20;Versailles;78;/calendrier/course-120920-triathlon_du_roi-2017.html
2017;6;25;Deauville;14;/calendrier/course-117932-triathlon_de_deauville_-_distance_olympique-2017.html
2017;6;24;Deauville;14;/calendrier/course-117935-triathlon_de_deauville_-_longue_distance-2017.html
2014;10;5;Pertuis;84;/calendrier/course-80580-marathon_de_provence_luberon-2014.html
2016;3;20;Montpellier;34;/calendrier/course-97561-marathon_metropole-2016.html
2017;10;22;Colombier Saugnieu;69;/calendrier/course-118159-la_course_nature_des_3_etangs_-_18_km-2017.html
2017;9;23;Castelnau D'Estretefonds;31;/calendrier/course-123737-l_epicurienne_trail_-_20_km-2017.html
2016;4;17;Roquevaire;13;/calendrier/course-102859-trail_du_garlaban_-_ultimate_-_42_km-2016.html
2017;10;22;Gillonnay;38;/calendrier/course-109676-la_fete_des_marrons_-_trail_-_21_km-2017.html
2017;10;22;Gillonnay;38;/calendrier/course-109677-la_fete_des_marrons_-_cross_-_9_km-2017.html
2017;10;15;Vienne;38;/calendrier/course-123715-courir_a_vienne_-_9.5_km-2017.html
2017;10;15;Vienne;38;/calendrier/course-117919-courir_a_vienne_-_24_km-2017.html
2016;10;22;Millau;12;/calendrier/course-123692-kd_trail_-_7_km-2016.html
2016;10;22;Millau;12;/calendrier/course-123691-la_templiere_-_7_km-2016.html
2016;5;5;Bours;62;/calendrier/course-96445-les_bours_six_cotes_-_18_km-2016.html
2016;11;20;Sassenage;38;/calendrier/course-123658-la_corrida_de_sassenage_-_5_km-2016.html
2015;3;29;Domene;38;/calendrier/course-88668-le_tour_de_la_ville_de_domene-2015.html
2017;9;23;Cormaranche En Bugey;01;/calendrier/course-123587-la_gi_j_y_monte_-_6_km-2017.html
2017;9;23;Cormaranche En Bugey;01;/calendrier/course-111750-la_gi_j_y_monte_-_15_km-2017.html
2017;9;24;Brens;01;/calendrier/course-111751-la_course_de_la_saint-michel-2017.html
2017;10;1;Viriat;01;/calendrier/course-123583-la_soph_attitude_-_sep_y_ain_-_7.4_km-2017.html
2017;10;1;Viriat;01;/calendrier/course-111786-la_soph_attitude_-_sep_y_ain_-_13_km-2017.html
2017;10;8;Bourg En Bresse;01;/calendrier/course-111757-la_petite_seillonnaise-2017.html
2017;10;8;Bourg En Bresse;01;/calendrier/course-111758-la_seillonnaise_-_17_km-2017.html
2017;5;21;St Georges De Commiers;38;/calendrier/course-123043-trail_du_connex-2017.html
2015;10;11;Faverges De La Tour;38;/calendrier/course-89998-courir_pour_un_sourire_d_enfant-2015.html
2016;10;9;Faverges De La Tour;38;/calendrier/course-96870-courir_pour_un_sourire_d_enfant-2016.html
2017;10;8;Faverges De La Tour;38;/calendrier/course-122761-courir_pour_un_sourire_d_enfant-2017.html
2017;10;7;Ribaute Les Tavernes;30;/calendrier/course-123470-les_foulees_de_la_montagnette_-_5.5_km-2017.html
2014;8;24;Passy;74;/calendrier/course-80829-triathlon_cd_de_passy-pays_du_mt-blanc-2014.html
2014;8;10;Embrun;05;/calendrier/course-73270-triathlon_courte_distance_d_embrun-2014.html
2014;7;31;L'Alpe D'Huez;38;/calendrier/course-80877-triathlon_cd_de_l_alpe_d_huez-2014.html
2014;7;6;Dijon;21;/calendrier/course-80709-triathlon_international_de_dijon_s_ld-2014.html
2014;6;29;Annecy;74;/calendrier/course-79931-triathlon_d_annecy-2014.html
2014;5;18;Rumilly;74;/calendrier/course-79068-triathlon_de_rumilly_format_cd-2014.html
2014;8;24;Passy;74;/calendrier/course-80829-triathlon_cd_de_passy-pays_du_mt-blanc-2014.html
2014;8;10;Embrun;05;/calendrier/course-73270-triathlon_courte_distance_d_embrun-2014.html
2014;7;31;L'Alpe D'Huez;38;/calendrier/course-80877-triathlon_cd_de_l_alpe_d_huez-2014.html
2014;7;6;Dijon;21;/calendrier/course-80709-triathlon_international_de_dijon_s_ld-2014.html
2014;6;29;Annecy;74;/calendrier/course-79931-triathlon_d_annecy-2014.html
2014;5;18;Rumilly;74;/calendrier/course-79068-triathlon_de_rumilly_format_cd-2014.html
2017;7;1;Chamrousse;38;/calendrier/course-109643-trail_et_rando_des_lacs_de_chamrousse_-_13_km-2017.html
2016;12;10;La Tronche;38;/calendrier/course-96802-cross_des_enfants_malades_de_l_hopital-2016.html
2017;6;11;Apprieu;38;/calendrier/course-109633-les_tortues_joggeuses_-_7.9_km-2017.html
2017;9;17;Gouy sous bellonne;59;/calendrier/course-123237-les_foulees_gouysiennes_-_10_km-2017.html
2010;4;18;Genova;10;/calendrier/course-34765-mezza_maratona_di_genova-2010.html
2017;8;27;Borgo;20;/calendrier/course-119446-a_burghisgiana_-_trail_paul_pasquin_-_16_km-2017.html
2017;8;12;St Flour De Mercoire;48;/calendrier/course-123093-la_stevenson-2017.html
2017;5;27;St Nazaire Les Eymes;38;/calendrier/course-122421-trail_de_la_dent_de_crolles_-_kilometre_vertical-2017.html
2017;4;8;Etrembieres;74;/calendrier/course-113493-ultra_montee_du_saleve-2017.html
2015;10;25;St Germain Sur Rhone;74;/calendrier/course-92752-cross_de_la_semine-2015.html
2013;9;1;Amberieu En Bugey;01;/calendrier/course-65571-trail_du_ramequin-2013.html
2013;9;1;Amberieu En Bugey;01;/calendrier/course-60484-trail_des_4_chateaux-2013.html
2012;10;13;Bugarach;11;/calendrier/course-56402-la_ronde_des_cimes-2012.html
2013;7;31;Armissan;11;/calendrier/course-66252-le_clapahut_de_nuit-2013.html
2010;11;28;Sigean;11;/calendrier/course-123063-la_course_des_vents_-_11_km-2010.html
2012;7;8;Font Romeu Odeillo Via;66;/calendrier/course-123062-la_killian_s_classik_-_trail_running_10_km-2012.html
2011;3;19;Les Angles;66;/calendrier/course-44662-la_blanche_neige_-_trail_des_7_nains-2011.html
2010;8;29;Espezel;11;/calendrier/course-34631-la_ronde_des_sapins-2010.html
2017;8;27;St Andre De Corcy;01;/calendrier/course-123048-sur_les_pas_de_tanguy_-_6_km-2017.html
2015;5;17;Villié-morgon;69;/calendrier/course-123044-beaujolais_challenge_trail-2015.html
2017;7;21;Lans En Vercors;38;/calendrier/course-109645-t_es_pas_cap-2017.html
2017;5;14;Aix Les Bains;73;/calendrier/course-122398-be_run_-_descente_express_-_20_km_duo-2017.html
2017;8;26;Bassussarry;64;/calendrier/course-123020-basusariko_itzulia-2017.html
2017;8;19;St Nazaire Les Eymes;38;/calendrier/course-109800-ultra_tour_des_4_massifs_-_40_series_chartreuse-2017.html
2017;8;17;Grenoble;38;/calendrier/course-109808-ultra_tour_des_4_massifs_-_40_series_oisans-2017.html
2017;8;17;Grenoble;38;/calendrier/course-109808-ultra_tour_des_4_massifs_-_40_series_oisans-2017.html
2017;7;9;Ales;30;/calendrier/course-115355-triathlon_du_gardon_-_2eme_etape_du_circuit_fitdays-2017.html
2017;4;9;St Paul Sur Save;31;/calendrier/course-117496-entre_save_et_galop_-_8_km-2017.html
2017;5;28;Beauzelle;31;/calendrier/course-117520-la_tortue_des_meres_-_10_km-2017.html
2017;6;4;Peyrus;26;/calendrier/course-121867-approach_spahis_race_-_pk_40-2017.html
2017;2;26;Eze;06;/calendrier/course-112742-trail_d_eze_-_30_km-2017.html
2017;5;27;St Pierre De Chartreuse;38;/calendrier/course-110264-chartreuse_trail_festival_-_maratour_-_42_km-2017.html
2016;7;24;Bourg St Maurice;73;/calendrier/course-114379-kmv_des_forts-2016.html
2017;5;20;Causse De La Selle;34;/calendrier/course-113309-festatrail_-_ultra_draille-2017.html
2016;12;10;La Tronche;38;/calendrier/course-96802-cross_des_enfants_malades_de_l_hopital-2016.html
2016;7;18;Montvalezan;73;/calendrier/course-109316-le_trail_des_moulins_-_trail_du_lac_du_retour-2016.html
